ID,Timecode,Titre/Citation,Citation √©tendue (optionnel),Tags,Explication,Int√©ressant
1,0:00:55,"Un ancien po√®me √âgyptien dit ""Nil, Nil, Nil, fleuve imp√©tueux et tumultueux, tu es comme notre reine la source de la vie ! """,,voix-off,"Prononc√© en voix-off par Pierre Tchernia, co-sc√©nariste du dessin anim√© ""Ast√©rix et Cl√©op√¢tre"" sorti en 1968",TRUE
2,0:02:05,"Notre histoire commence [...] √† Alexandrie. Ou en Alexandrie, on peut dire les deux.","Notre histoire commence il y a bien longtemps √† Alexandrie. Ou en Alexandrie, on peut dire les deux.","voix-off, r√©f√©rence","R√©f√©rence au d√©bat commun sur ""√† Avignon ou en Avignon"".",FALSE
3,0:02:16,"- La l√©gendaire et d√©licate... Cl√©op√¢tre.
- Assez !",,Cl√©op√¢tre,,FALSE
4,0:02:39,Lancer de raisin rat√©,,"C√©sar, visuel",,FALSE
5,0:02:46,Les trucs pointus l√† ?,"Cl√©op√¢tre : √î c√©sar, ce ne sont pas les romains qui ont construit les pyramides.
C√©sar : Les trucs pointus l√† ?","C√©sar, Cl√©op√¢tre, r√©f√©rence","R√©f√©rence √† Pulp Fiction de Quentin Tarantino sorti 8 ans auparavant.
Uma Thurman tra√ßait elle aussi un carr√© fictif dans le vide en arrivant au Jack Rabbit Slim's avec John Travolta.",FALSE
6,0:02:49,Lancer de raisin rat√© (2),,"C√©sar, visuel",,FALSE
7,0:02:50,"Et le Sphinx, et la Tour de Pharos, c'est quoi ? De la gnognotte ?",,Cl√©op√¢tre,La Tour de Pharos est l'autre nom du phare d'Alexandrie.,FALSE
8,0:02:59,"Dis-donc ""ton peuple"", t'es quand m√™me grecque au d√©part.","Cl√©op√¢tre : Mon peuple est le plus grand de tous les peuple !
C√©sar : Dis-donc, ""ton peuple"", ""ton peuple"", t'es quand m√™me grecque au d√©part.
Alors comme egyptienne de souche, j'ai vu mieux excuse-moi.","C√©sar, Cl√©op√¢tre, historique","R√©f√©rence historique au fait que Cl√©op√¢tre soit de la dynastie lagide, issue de Gr√®ce par Ptol√©m√©e ayant envahi l'√âgypte 300 ans plus t√¥t.",FALSE
9,0:03:01,Lancer de raisin rat√© (3),,"C√©sar, visuel",,FALSE
10,0:03:03,Assez !,Assez ! *Cl√©op√¢tre casse un autre vase*,Cl√©op√¢tre,,FALSE
11,0:03:15,"Ah ouais, et comment ? En dessinant des bonhommes de face ? Haha !","Cl√©op√¢tre : Je peux te prouver n'importe quand, √¥ C√©sar, que le peuple √©gyptien a gard√© tout son g√©nie.
C√©sar : Ah ouais, et comment ? En dessinant des bonhommes de face ? Haha !","C√©sar, clich√©","R√©f√©rence au style st√©r√©otypique √©gyptien des dessins ""de profil"".",FALSE
12,0:03:27,"Comme √ßa quand tu viendras en province, tu sauras o√π dormir.","C√©sar : Franchement c'est bon, en palais j'ai tout ce qu'il faut √† Rome.
Cl√©op√¢tre : Eh bien, tu en auras un autre ici, √† Alexandrie. Comme √ßa quand tu viendras en province, tu sauras o√π dormir.",Cl√©op√¢tre,,FALSE
13,0:03:37,Plus vaste et plus somptueux que le C√©sar Palace ?,,"C√©sar, r√©f√©rence","R√©f√©rence √† l'immense ""Caesars Palace"", un hotel-casino am√©ricain situ√© √† Las Vegas et souvent repr√©sent√© au cin√©ma.",FALSE
14,0:03:43,Rome s'est pas construite en un jour.,,C√©sar,"R√©f√©rence au proverbe ""Rome ne s'est pas faite en un jour""",FALSE
15,0:03:48,Dans 3 mois.,"C√©sar : Je la verrais quand cette merveille ? Dans trois si√®cles ?
Cl√©op√¢tre : Dans trois mois
C√©sar : trois mois ?
Le go√ªteur : trois...
Le chat: ... mois?
",Cl√©op√¢tre,,FALSE
16,0:03:49,Lancer de raisin r√©ussi.,,,,FALSE
17,0:04:00,J'ai jamais vu des travaux qui finissent √† l'heure.,,"C√©sar, clich√©",Clich√© sur les retards dans l'immobilier.,FALSE
18,0:04:15,Gn gn doute,"C√©sar : Mais j'en doute
Cl√©op√¢tre arr√™te la tentative de baiser de C√©sar avec son bras en forme de cobra
Cl√©op√¢tre (se moquant) : ""Je m'en doute""",Cl√©op√¢tre,,FALSE
19,0:04:24,C√©sar chante la musique de fond.,,C√©sar,Brise le 4e mur,TRUE
20,0:04:43,"On me dit de carreler, je carr√®le. On me dit de pas carreler, je carr√®le pas.",,Feudartifis,,FALSE
21,0:04:49,Et c'est quoi cette porte au plafond ?,,"Malococsis, visuel",,FALSE
22,0:04:55,"Les architectes, avec les r√©parateurs de char, il y a pas plus escroc et incomp√©tent.",,"Malococsis, clich√©",Clich√© sur les r√©parateurs de voitures.,FALSE
23,0:05:09,"√áa ? J'anticipe ! Si vous voulez faire un deuxi√®me √©tage, paf ! Il y a d√©j√† une porte pour y acc√©der.",,Num√©robis,,FALSE
24,0:05:21,"- Il est magnifique ce carrelage ou il est pas magnifique ?
- Magnifique !
- Magnifique.",,"Feudartifis, Num√©robis",Blague r√©currente dans le film o√π un mot est r√©p√©t√© pour justifier l'absurde.,FALSE
25,0:05:26,"Le son des pas des gardes est synchronis√© mais visuellement, ce n'est pas le cas.",,"visuel, audio",,TRUE
26,0:05:30,"Malococsis, faites-moi confiance, je suis pas charagiste.",,"Num√©robis, clich√©",Jeu de mot entre charagiste et garagiste. Allusion aux marmonnements de Malococsis une minute avant √† propos des r√©parateurs de chars.,FALSE
27,0:05:43,"- J'ai des relations, des gens tr√®s hauts plac√©s, qui peuvent vous faire de tr√®s graves ennuis, des gens de haut rang !
- √áa serait mieux s'ils √©taient d'Alexandrie ! Hahaha",,"Malococsis, Num√©robis",Jeu de mot entre haut-rang et la ville de Oran en Alg√©rie.,FALSE
28,0:05:50,"- Architecte Num√©robis ?
- ?.. Non ?... Enfin √ßa d√©pend ?
C'est pour quoi ?",,Num√©robis,,FALSE
29,0:06:20,Une grenouille se suicide,,"Amonbofis, visuel",Cruelle r√©alit√© que de n'√™tre qu'une grenouille de plus pour les crocodiles.,TRUE
30,0:06:42,"Ben, euh, oui, puisqu'on a toujours fait comme √ßa...","Amonbofis : Pourtant j'ai install√© l'√©vacuation des eaux usag√©es comme on fait tout le temps.
Cl√©op√¢tre : C'est bien √ßa le probl√®me avec vous Amonbofis, vous faites toujours comme on fait tout le temps.
Amonbofis : Ben, euh, oui, puisqu'on a toujours fait comme √ßa...",Amonbofis,,FALSE
31,0:06:45,Il est bizarre ce sol. Il est pas palpable.,,Num√©robis,,FALSE
32,0:06:50,C'est par o√π ?,"Num√©robis : C'est par o√π ?
Num√©robis est lanc√© au sol et glisse longuement jusqu'√† Cl√©op√¢tre",Num√©robis,,FALSE
33,0:06:53,Bonjour,"Num√©robis croise Amonbofis pendant sa glissade
Num√©robis : Bonjour",Num√©robis,,FALSE
34,0:07:06,"Bien s√ªr je connais pas non plus tout le monde dans le monde mais √† mon avis, non.","Cl√©op√¢tre : L'√©gypte est-il le plus puissant empire du monde ?
Num√©robis : Oui, exactement madame. Il n'y a pas d'empire plus puissant dans le monde.
Bien s√ªr je connais pas non plus tout le monde dans le monde mais √† mon avis, non.",Num√©robis,,FALSE
35,0:07:22,D'accord. [...] D'accord. [...] D'accord.,"Cl√©op√¢tre : Le monde romain, en la personne de C√©sar, en doute.
Je vais donc lui montrer de quoi l'√âgypte est capable.
Num√©robis : D'accord.
Cl√©op√¢tre : Je vais lui construire le plus magnifique des palais.
Num√©robis : D'accord.
Cl√©op√¢tre : Et c'est toi Num√©robis qui en sera l'architecte.
Num√©robis : D'accord.","Num√©robis, audio","La m√™me piste audio est r√©utilis√© pour les trois ""D'accord."".",FALSE
36,0:07:28,C'est moi qui vais architecter tout le... ?,"Num√©robis : C'est moi qui vais architecter tout le ... ?
Toute la cour de Cl√©op√¢tre, en choeur, acquiesce.",Num√©robis,Le verbe architecter n'existe pas.,FALSE
37,0:07:36,"- Tous mes architectes sont occup√©s.
- Ah non, moi je suis pa-pas occup√©.
- Il est pas occup√©, lui.
- Tu es le seul disponible",,"Cl√©op√¢tre, Amonbofis, Num√©robis",,FALSE
38,0:07:49,C'est √† dire que je suis un peu charette en ce moment.,,"Num√©robis, r√©f√©rence","Charrette est un terme d'argot du monde de l'architecture signifiant √™tre d√©bord√© de travail.
Les ateliers d'√©tudiants en architecture √©tant souvent loin de l'√©cole et les projets trop grands pour √™tre port√©s, les √©tudiants r√©servaient une charrette chez un commer√ßant local pour transporter leurs ≈ìuvres.
Le passage de la charrette sonnait donc l'heure du rendu des projets.",TRUE
39,0:08:25,"Trois mois, mai-mais. Trois mois, √† parti- euh, euh. avec combien de temps de retard ?","Trois mois, mai-mais. Trois mois, √† parti- euh, euh. avec combien de temps de retard ?
Parce que trois mois. En trois mois, maximum, on peut avoir les plans. √áa c'est bon, j'en fais mon affaire.
Les fondations, faut compter deux-trois mois. Trois fois quatre... neuf.
Trois mois, √ßa sera... √áa ne me semble pas tr√®s faisable madame.",Num√©robis,,FALSE
40,0:08:44,"Tu as trois mois, jour pour jour, top Chronos.",,"Cl√©op√¢tre, historique",Chronos est la personnification du temps dans les traditions orphiques.,FALSE
41,0:08:49,Sablier g√©ant cens√© durer trois mois.,,visuel,"Le sablier le plus long du monde ""La Roue du temps"", situ√© √† Budapest, s'√©coule en une ann√©e enti√®re.
Surprenant √† premi√®re vue, un sablier de trois mois n'est donc pas impossible.",FALSE
42,0:09:30,Il est o√π le magneau ?,"Il est o√π le magneau ?
Ils ont mang√© le magneau ?
Un crocodile rote et crache un bout de cuir qui tenait le magneau.","Num√©robis, r√©f√©rence","R√©f√©rence √† Jurassic Park de Steven Spielberg.
Un boeuf est treuill√© tout comme la magneau pour servir de repas aux v√©lociraptors",FALSE
43,0:10:08,Num√©robis compte ses pas et utilise un sextant en bois,,Num√©robis,"En tant qu'architecte √©gyptien, Num√©robis n'a pas acc√®s √† des outils moderne.
Il est contraint de mesurer ses distances avec des pas et utilise ce qui semble √™tre un sextant pour mesurer un angle dans un ciel compl√®tement vide.",FALSE
44,0:10:27,J'ai pens√© √† une sorte de machine qui permettrait de monter au sommet des pyramides,,"Otis, r√©f√©rence","Otis, le nom de l'inventeur, est la marque d'ascenseur la plus populaire en France",TRUE
45,0:10:48,De l√†... √† de l√†.,,Num√©robis,,FALSE
46,0:11:00,"Excuse-moi, tu veux pas juste arr√™ter de compter ? Parce qu'on fait expr√®s des m√©treurs pour √ßa.",,Otis,"Un m√©treur dans le b√¢timent est normalement charg√©, entre autres, de quantifier et mesurer les mat√©riaux n√©cessaire.
Ici, le jeu de mot rapporte √† simplifier le m√©tier de m√©treur comme celui qui mesure les distances.",FALSE
47,0:11:04,"D'accord, on peut prendre combien de mois de retard √† trois semaines pr√®s ?",,Otis,,FALSE
48,0:11:22,C'est d'une vivesse un crocodile,,Num√©robis,M√©lange syntaxique entre vitesse et vivacit√©.,TRUE
49,0:11:24,"- J'aurais jamais le temps de mettre au point ma machine, moi.
- Otis, t'as entendu ce que je viens de te dire ou t'as pas entendu ce que je viens de te dire ?",,"Otis, Num√©robis",,FALSE
50,0:11:33,"Excuse-moi d'en faire un sac mais je vais finir dans un crocodile, peut-√™tre.",,"Num√©robis, r√©f√©rence",R√©f√©rence aux sacs en peau de crocodile.,TRUE
51,0:12:10,"Papa me racontait souvent l'histoire de ce druide.
Pamo-panob√©m√©ix.
Pano-sun√©ixme.","Papa me racontait souvent l'histoire de ce druide.
Pamo-panob√©m√©ix.
Pano-sun√©ixme.
[...]
√áa commence par panob. Et √ßa fini par √©n√©n√©kixme.","Num√©robis, ast√©rixme",Premi√®re d'un long comique de r√©p√©tition de num√©robis n'arrivant pas √† prononcer les noms gaulois.,FALSE
52,0:12:20,"Un truc en -ix ?
mathieukassovix ?
[...]
C'est pomme de reinette et pomme d'api.",,"Otis, r√©f√©rence","R√©f√©rence √† l'acteur Mathieu Kassovitz, particuli√®rement populaire √† la sortie du film. Il joue aussi le physionomiste en fin de film.
R√©f√©rence √† la comptine pour enfant ""Pomme de reinette et pomme d'api""",FALSE
53,0:12:26,Un dro√Øde.,,Num√©robis,"Premi√®re d'une longue s√©rie de r√©f√©rence √† Star Wars. Ici ""druide"" est prononc√© dro√Øde.",FALSE
54,0:12:33,Elle donne une force mais d'une force.,,Num√©robis,,FALSE
55,0:12:44,C'est dans les papyrus dessin√© pour les enfants.,"La potion magique √ßa existe pas hein.
C'est dans les papyrus dessin√©s pour les enfants, on est dans le monde r√©el l√†.",Otis,,FALSE
56,0:12:55,"L√†, on va faire une grande all√©e avec plein de statues.
Qu'on appellera ""La grande all√©e avec plein de statues"".",,Num√©robis,,FALSE
57,0:12:59,"Et l√† bas, les jardins. Avec des oliviers, des orangeandes, des saules pleureurs, des soles meuni√®res.",,Num√©robis,"Jeu d'homonyme/zeugma en m√©langeant plats et plantes.
Une orangeade est un m√©lange de jus d'orange et de sucre.
Une sole meuni√®re est un plat de poisson constitu√© d'une sole enti√®re enrob√©e de farine et frite au beurre.",FALSE
58,0:13:07,Avec une grande cour o√π il y aura pleins de danseuses qui pourront danser !,"Le palais : luxuriant, magnifique, chamarr√©.
Avec une grande cour o√π il y aura plein de danseuses qui pourront danser.",Num√©robis,"Chamarr√© : ""Garni d'ornements aux couleurs √©clatantes"".",FALSE
59,0:13:10,"Et juste l√†, un petit g√©ranium.",,Num√©robis,,FALSE
60,0:13:12,"Ouais, √ßa va √™tre bien. √áa va √™tre tr√®s bien m√™me.",,Num√©robis,,FALSE
61,0:13:16,Bon bien s√ªr il faut imaginer !,,Num√©robis,,FALSE
62,0:13:28,"Hue Cannabis ! Hue Cannabis !
Tu n'avances pas du tout... Cannabis.",,Num√©robis,,FALSE
63,0:13:40,"Mais il habite o√π, l'amix ?",,Otis,"Suffix√© en -ix du nom ""ami"" car l'ami est gaulois.",FALSE
64,0:13:45,"Galope Cannabis, galope, galope. Getondown Getondown.",Cannabis ne galope manifestement pas.,"Num√©robis, r√©f√©rence","R√©f√©rence √† ""Get Up"" de James Brown par homophone de
""Get Up, Get Up, Get On Up"" et ""Galope Galope Getondown""",TRUE
65,0:14:07,Un village peupl√© d'irr√©ductibles Gaulois r√©siste encore et toujours √† l'envahisseur.,"Nous sommes en 50 avant J√©sus Christ.
Toute la Gaule est occup√©e par les Romains. Toute ? Non !
Un village peupl√© d'irr√©ductibles Gaulois r√©siste encore et toujours √† l'envahisseur
La vie n'est pas facile pour les garnisons de l√©gionnaires romains des camps retranch√©s de Babaorum, Aquarium, Laudanum, et Petibonum.",voix-off,Monologue d'introduction au d√©but de toutes les bandes dessin√©es d'Ast√©rix.,FALSE
66,0:14:32,"- Vous √™tes nouveaux ici ?
- (avec l'accent du Sud) Oui en fait on vient d'√™tre mut√© dans le coin.",,"Ast√©rix, l√©gionnaire, clich√©",,FALSE
67,0:14:45,"Voyez plut√¥t.
*Ast√©rix envoie voler le l√©gionnaire d'un coup de poing.*",,"Ast√©rix, l√©gionnaire, visuel",,FALSE
68,0:14:52,Panomam√©ixme ? Panomam√©ixme ?,,"Num√©robis, ast√©rixme",,FALSE
69,0:15:00,Il fait au moins -8000.,"Qu'est-ce que c'est que ce pays.
Il faut au moins -8000.",Num√©robis,,FALSE
70,0:15:21,Ob√©lix envoie voler un l√©gionnaire d'une simple pichenette.,,"Ob√©lix, l√©gionnaire",,FALSE
71,0:15:32,"Vous suivez les baffes, et normalement ils sont au bout.","- Bonjour, c'est par o√π le village des Gaulois ?
- Alors le mieux d'ici : Vous suivez les baffes, et normalement ils sont au bout.
Je vous accompagne pas, vous m'en voulez pas ?
Je vais rester ici et r√©fl√©chir un peu.",l√©gionnaire,,FALSE
72,0:15:46,"Ils sont bien ces romains, ils volent mieux que les autres j'ai l'impression.
√áa doit √™tre leurs nouveau casque, √ßa donne une meilleure p√©n√©tration dans l'air.","Ob√©lix : Ils sont bien ces romains, ils volent mieux que les autres j'ai l'impression.
√áa doit √™tre leurs nouveau casque, √ßa donne une meilleure p√©n√©tration dans l'air.
Un l√©gionnaire tombe au loin.
Ast√©rix : C'est toujours l'atterrissage qui est un peu lourd.",,,FALSE
73,0:16:00,S'il vous pla√Æt ? Vous √™tes Ast√©riixme ?,"Num√©robis : S'il vous pla√Æt ? Vous √™tes Ast√©riixme ?
Ast√©rix : -RIX ! Ast√©rix. Et lui c'est Ob√©lix.
Ob√©lix : Et le petit chien l√† c'est Id√©fix.","Num√©robis, ast√©rixme",,FALSE
74,0:16:09,"Vous connaissez Panopam√©ix ?
C'est un dro√Øde.",,"Num√©robis, ast√©rixme, r√©f√©rence","Premi√®re d'une longue s√©rie de r√©f√©rences √† Star Wars. Ici ""druide"" est prononc√© dro√Øde.",FALSE
75,0:16:30,"- C'est moi
- ... ?
- Eh ben manifestement il vous conna√Æt pas.",,"Num√©robis, Ast√©rix",,FALSE
76,0:16:32,"Je suis Num√©robis, le fils de votre vieil ami Thoumeuh√©ris.",,Num√©robis,Thoumeuh√©ris = Tout me h√©risse,FALSE
77,0:16:45,"- Je suis mon cher ami, tr√®s heureux de te voir.
- C'est un alexandrin.",,"Num√©robis, Panoramix","Je. Suis. Mon. Cher. A-mi. (c√©sure) Tr√®s Heu-Reux De Te Voir.
12 syllabes avec c√©sure, la phrase de Num√©robis est bien un alexandrin, la m√©trique en po√©sie.
Num√©robis, venant d'Alexandrie, est aussi un alexandrin.",TRUE
78,0:16:54,"- C'est de la potion magique ?
- Non, c'est de la soupe de marron.",,"Num√©robis, Panoramix",,FALSE
79,0:17:34,"Une petite marmite ? Une gourde ? Une gourdinette ? Un bol ?
Une bolinette ? C'est un petit bol.",,Num√©robis,Gradation descendante menant √† l'absurde : Une bolinette.,FALSE
80,0:18:23,Midifix.,"*Num√©robis s'adresse √† Id√©fix.*
Midifix.","Num√©robis, ast√©rixme",Midifix = Midi fixe,FALSE
81,0:19:25,√Ä bord du Napad√©lis.,,voix-off,Napad√©lis = N'a pas d'h√©lices.,FALSE
82,0:19:57,"Il y a rien dans le sac.
(En choeur) Oooooh
Qu'il est intelligent ce chien, il voulait pas me quitter.",,"Ob√©lix, Ast√©rix",,FALSE
83,0:20:13,"Amonbofis est une vraie hy√®ne.
Vous voyez ce que c'est qu'une hy√®ne ? Et bah pareil.",,Num√©robis,,FALSE
84,0:20:18,"- Il m'en veut √† mort et il est bourr√© de talent.
- Ah oui il est dou√© quoi.
- Non il est riche.",,"Num√©robis, historique","Le talent d'or est une monnaie mentionn√© dans les textes hom√©rique.
Sa valeur a fait l'objet de nombreuses controverses et recherches .",TRUE
85,0:20:21,"En Gaule, ce ne sont pas forc√©ment les plus talentueux qui sont les plus riche.",,Panoramix,,FALSE
86,0:20:51,Dessin des pirates d'Ast√©rix et Ob√©lix,,visuel,"Ce dessin cr√©√© pour le film a √©t√© sign√© par Albert Uderzo, le dessinateur de la BD Ast√©rix !",FALSE
87,0:20:53,"Et leurs molosse !
*Bruit de tigre*",,"Id√©fix, visuel",,FALSE
88,0:20:57,"Submerg√© par leur nombre de deux, nous n'avons rien pu faire.",,Barbe Rouge,,FALSE
89,0:21:06,Nous avons quitt√© le navire un peu pr√©cipitamment.,"- Et nous avons d√ª...
- ...Fuir
- Non, pas vraiment. Nous avons quitt√© le navire un peu pr√©cipitamment.
- √Ä la nage, et elle √©tait glac√©e.
- Non elle √©tait bonne.
- Elle √©tait glac√©e !
- BON !","Barbe Rouge, Triple-Patte",,FALSE
90,0:21:34,Par√© √† l'abordage Papa. Souquez les artimuses.,"- Par√© √† l'abordage Papa. Souquez les artimuses.
- Du calme ma fille, en plus √ßa veut rien dire ""Souquez les artimuses"" ?",,"""Souquez les artimuses"" n'est pas une vraie expression.",FALSE
91,0:22:00,Ipso facto et manu militari,,Triple-Patte,"Souvent utilis√© dans le langage juridique ""ipso facto et manu militari"" signifie ""Par le fait et avec les moyens n√©cessaires"" pour indiquer un recours √† la force publique.
Un recours √† la force, quoi.",FALSE
92,0:22:04,"Bosco, Doublerum, drissez les escap√™ches !
Cranedur, Tetedemort, mirsouflez les artibans !",,Triple-Patte,"Apr√®s s'√™tre moqu√© de la fille de Barbe Rouge, Triple-Patte utilise des expressions tout aussi inconnues au bataillon.",FALSE
93,0:22:26,Je suis le roi du moooonde !,,"Barbe Rouge, r√©f√©rence",R√©f√©rence √† Titanic quand Jack exulte son bonheur sur la proue.,FALSE
94,0:22:50,Ou-ouh ! C'est nous ! üëã,,Ob√©lix,,FALSE
95,0:23:16,Barbe Rouge coule son propre bateau √† la hache.,"- Y'a pas une hache l√† ? Poussez vous, pardon.
- Mais qu'est-ce qu'ils font ?
- *Barbe Rouge nargue les gaulois*
- Tricheurs ! Mauvais joueurs !
- C'est pas correct.
- C'est √ßa coulez vous vous-m√™me ! √áa vaut mieux !","Barbe Rouge, visuel",,FALSE
96,0:23:41,"Oui-oui, ce sont de vieilles connaissances.
Nous allons souvent √† la mer ensemble.",,Panoramix,"Jeu de mot entre ""aller √† la mer"" = se rendre √† la mer et aller dans l'eau/couler.",FALSE
97,0:23:51,"L'ab√Æme appelle l'ab√Æme.
*Abyssus abyssum invocat*","- L'ab√Æme appelle l'ab√Æme.
*Abyssus abyssum invocat*
- Les expressions latines, √ßa va aller l√† c'est bon, hein.",Triple-Patte,"Expression figur√©e de la Bible, qui signifie qu‚Äôun malheur en appelle un autre.",FALSE
98,0:24:01,Proph√©tie sur la vigie,,visuel,On peut voir une proph√©tie inscrit sur la vigie repr√©sentant le nombre de bateaux qui seront coul√©s durant le film.,TRUE
99,0:24:10,"- Les lumi√®res du port d'Alexandrie...
- ...Font naufrager les papillons de ma jeunesse.","- C'est quoi cette lueur √† l'horizon, Num√©robis ?
- Les lumi√®res du port d'Alexandrie...
- ...Font naufrager les papillons de ma jeunesse.","Num√©robis, Ast√©rix, r√©f√©rence","R√©f√©rence √† la chanson de Claude Fran√ßois ""Alexandrie Alexandra""",FALSE
100,0:24:33,"- En tout cas j'ai plus d'app√©tit qu'un Barracuda
- Ba-ra-cu-daaaaa",,"Ob√©lix, Ast√©rix, r√©f√©rence","Deuxi√®me r√©f√©rence √† la m√™me chanson de Claude Fran√ßois ""Alexandrie Alexandra""",FALSE
101,0:25:24,"Je viens donc vous demander votre accordance, c'est √† dire de m'accordifier toute l'aidance.
Mais l'aidance du verbe aider, pas les danses tien-tien-tien-on-va-danser.",,Num√©robis,"Re-suffix√© de mots communs ""accord"", ""accorder"", ""aider"".
Jeu de mot entre ""les danses"" et ""l'aidance"".",FALSE
102,0:25:34,Bruit de succion quand Cl√©op√¢tre enl√®ve sa t√™te du tr√¥ne.,,"Cl√©op√¢tre, visuel, audio","Pendant que Cl√©op√¢tre √©coute Num√©robis, on remarque sa t√™te dans un casque color√©.
Lorsqu'elle se d√©place, un bruit de succion ""tonk"" est entendu, comme si sa t√™te √©tait parfaitement bien log√© dans le casque et que le retirer effectuait un appel d'air.",TRUE
103,0:25:43,Il est joli.,"*Cl√©op√¢tre fait les 100 pas, marchant de profil*
Panoramix : Il est joli.","Panoramix, clich√©",R√©f√©rence √† la l√©gende urbaine sur le nez de Cl√©op√¢tre.,FALSE
104,0:25:59,Apparition de Guimieukis,"*Apparition de Guimieukis au ralenti*
*La musique ""Ti Amo"" d'Umberto Tozzi joue en fond*
*Ast√©rix a les cheveux au vent*
*Des confettis dor√©s se mettent √† tomber*","Guimieukis, Ast√©rix",,FALSE
105,0:26:15,"- Si vous finissez √† temps, il y aura de l'or pour tout le monde.
- √áa fait plaisir.
- Sinon les crocodiles.
- √áa fait pas plaisir.",,"Cl√©op√¢tre, Num√©robis",,FALSE
106,0:26:21,"*Le sillon interfessier de Cl√©op√¢tre appara√Æt*
Panoramix : Aaah... Oh.",,"Panoramix, visuel, r√©f√©rence","Robe inspir√©e de la robe que porte Mireille Darc dans ""Le grand blond avec une chaussure noire"".",TRUE
107,0:26:38,"- Il est mignon le moustachu.
- Il est un peu vieux quand m√™me.
- Mais non, l'autre !
- Ah non un peu gros
- Tu fais expr√®s ou quoi ?",,"Guimieukis, Sucettalanis",Sucettalanis pense que Guimieukis parle d'abord de Panoramix puis d'Ob√©lix.,FALSE
108,0:26:54,"- Elle a l'air d'avoir un sale caract√®re, mais elle a un joli nez.
- Tr√®s joli... Un peu retrouss√©, avec sa petite tresse comme √ßa sur le c√¥t√©.",,"Panoramix, Ast√©rix","Dialogue de sourd entre deux admirateurs, Panoramix parle de Cl√©op√¢tre l√† o√π Ast√©rix parle de Guimieukis.",FALSE
109,0:27:02,Tu crois que c'est bon du crocodile ?,,Ob√©lix,,FALSE
110,0:27:16,Ooh ! Une grosse fourmi.,,Ob√©lix,"Ob√©lix ramasse une sauterelle mormone, pas une fourmi.",FALSE
111,0:27:41,Istou !,,,"Jeu de mot avec ""hisse tout"".",FALSE
112,0:28:25,Qu'est-ce que vous avez comme boeufs ?,,Ob√©lix,"Jeu de mot entre ""boeufs"" et ""beuh"".
""Beuh"" est de l'argot pour parler de cannabis.",TRUE
113,0:28:37,Comme moi j'√©tais venu chez vous... En Gaulerie.,,Num√©robis,"Num√©robis dit ""Gaulerie"" pour parler de la Gaule.
Mais Gaulerie est aussi le verlan de ""rigole"".",FALSE
114,0:28:50,"- Et tout le sable, l√†, vous le trouvez o√π ?
- C'√©tait l√† avant, Ob√©lix",,"Ob√©lix, Ast√©rix",,FALSE
115,0:28:53,"Toutes les pierres l√† c'est de la Niloise, √ßa vient du Nil.",,Num√©robis,,FALSE
116,0:29:05,"- Et les fouets, c'est pour faire joli ?
- Non, enfin euh oui ? Enfin je sais pas personne s'est jamais plaint pour l'instant.","- Je trouve que c'est tr√®s violent de fouetter les esclaves.
- Mais non, ce ne sont pas des esclaves, ce sont des ouvriers qualifi√©s qui exercent leurs travail de leurs plein gr√©, et avec de la r√©mun√©ration en plus.
- Et les fouets, c'est pour faire joli ?
- Non, enfin euh oui ? Enfin je sais pas personne s'est jamais plaint pour l'instant.","Panoramix, Num√©robis",,FALSE
117,0:29:28,Ils sont li√©s par les liens capillaires.,"Vous voyez, la tradition veut qu'ils s'√©changent leurs cheveux.
Le fouetteur devient tireur et le tireur fouetteur.
Ils sont li√©s par les liens capillaires.",Num√©robis,,FALSE
118,0:29:30,C'est une autre culture.,"Ast√©rix : C'est une autre culture
Ob√©lix : Tu te souviens Ast√©rix quand j'avais envoy√© un menhir sur Caius Bonus, √ßa devient bien peser √† peu pr√®s le poids du tra√Æneau de pierre l√† bas.
Ast√©rix : Faudrait lui demander, c'est lui qui est le mieux plac√© pour r√©pondre.
*Ast√©rix et Ob√©lix explosent de rire*
Num√©robis : C'est une autre culture","Ast√©rix, Ob√©lix",,FALSE
119,0:30:00,"Encore une facture, j'en plus plus de cette papyrasse administrative.",,Otis,"Jeu de mot rapport √† la ""paperasse administrative"".",FALSE
120,0:30:01,"Otis, mon scribe, c'est lui qui scribe tout.",,Num√©robis,,FALSE
121,0:30:10,"Vous savez, je ne crois pas qu'il y ait de bonne ou de mauvaises situations. [...]","Vous savez, moi je ne crois pas qu‚Äôil y ait de bonne ou de mauvaise situation. Moi, si je devais r√©sumer ma vie aujourd'hui avec vous, je dirais que c‚Äôest d‚Äôabord des rencontres.
Des gens qui m'ont tendu la main, peut-√™tre √† un moment o√π je ne pouvais pas, o√π j'√©tais seul chez moi. Et c'est assez curieux de se dire que les hasards, les rencontres forgent une destin√©e...
Parce que quand on a le go√ªt de la chose, quand on a le go√ªt de la chose bien faite, le beau geste, parfois on ne trouve pas l'interlocuteur en face je dirais, le miroir qui vous aide √† avancer.
Alors √ßa n'est pas mon cas, comme je le disais l√†, puisque moi au contraire, j'ai pu ; et je dis merci √† la vie, je lui dis merci, je chante la vie, je danse la vie... je ne suis qu'amour !
Et finalement, quand beaucoup de gens aujourd'hui me disent ¬´ Mais comment fais-tu pour avoir cette humanit√© ? ¬ª, et ben je leur r√©ponds tr√®s simplement je leur dit c'est ce go√ªt de l'amour, ce go√ªt donc qui m'a pouss√© aujourd'hui √† entreprendre une construction m√©canique... mais demain qui sait ?
Peut-√™tre simplement √† me mettre au service de la communaut√©. √Ä faire le don, le don de soi.",Otis,"Texte improvis√© au tournage d'apr√®s √âdouard Baer :
""C'√©tait une impro, et au d√©but les producteurs l'ont pri√© de couper cette sc√®ne. Incompr√©hensible et trop longue selon eux.
Et apr√®s plusieurs ann√©es, c'est le moment dont on me parle le plus.
Il m'arrive de croiser des jeunes qui l'ont litt√©ralement apprise par coeur.""",FALSE
122,0:31:26,Panneau d'annonce des travaux,"HIC MOX
CAESARIS PALATIUM
ARCHITECTUS NUMEROBIS
OPERA CONFECTA POSTDICS LVIII
SOLITUDINIS INCOLAE DEODERUM
MOLESTIIS NOS EXCUSENT",latin,"Ici s'√©l√®vera bient√¥t le
Palais de C√©sar
Architecte : Num√©robis
Fin des travaux : Cinquante-huit jours
Veuillez nous excusez pour la g√™ne occasionn√©",TRUE
123,0:31:32,J'ai perdu ma lentille.,,Itin√©ris,"Un peu plus t√¥t, on apprend que le repas du midi sera des lentilles.
Jeu de mot, donc, entre les lentilles alimentaires et les lentilles oculaires.",TRUE
124,0:32:16,Monologue d'Amonbofis,"Ouvri√®res, ouvriers, camarades, sommes nous revenus au temps des pharaons, √† trimer sous les coups de fouets ? Et pour qui ? Pour C√©sar !
Naaaan. Qu'il aille se le faire construire √† ROME son palais ! Chacun chez soi et les hippopotames seront bien gard√©s !
Ipagou oupou, Irrroutch√®√®n ioutch√®n√©mi aoutch√©p !
Camarades ! On vous exploite ! On vous cr√®ve √† la t√¢che ! Et... Franchement... Voil√†.",Amonbofis,"Parodie d'un discours r√©volutionnaire.
R√©f√©rence √† l'expression ""Chacun chez soi et les moutons seront bien gard√©s"".
Le passage dans une langue √©trang√®re n'a aucun sens.",FALSE
125,0:33:08,"- C'est quoi ces gros raisins l√† ?
- Ce sont des dattes, Ob√©lix.
- C'est croquant au milieu.
- C'est le noyau.",,"Ob√©lix, Ast√©rix","R√©f√©rence √† Ob√©lix parlant d'une ""grosse fourmi"" ant√©rieurement.",FALSE
126,0:33:30,J'ai rien dit.. J'ai juste dit que c'√©tait la fin de la pause.,,,,FALSE
127,0:33:37,Pas content ! Pas content !,"Pas content ! Pas content !
- S'il vous pla√Æt
- Oui ?
- Pas content ! Pas content !",Itin√©ris,,FALSE
128,0:33:58,"- Pas content !
- Oh, ohh...","La foule chante ""Pas content""
Itin√©ris fait signe d'arr√™ter (de profil)
Un des travailleur continue seul dans une voix ridicule.
Itin√©ris l'arr√™te : ""Oh ohhh""",Itin√©ris,,FALSE
129,0:34:10,Vous avez *deux* nouveaux messages.,,Itin√©ris,Imitation d'une bo√Æte vocale automatis√©e.,FALSE
130,0:34:15,"D'abord, vous travaillons plus de 18h par jour ce qui fait 36h en deux jours.
Nous exigeons de passer √† 35h.","- D'abord, vous travaillons plus de 18h par jour ce qui fait 36h en deux jours.
Nous exigeons de passer √† 35h.
- 35h √ßa marchera jamais √ßa va entra√Æner un tas de complications...","Itin√©ris, r√©f√©rence","R√©f√©rence √† la r√©forme des 35h en 2000, 2 ans avant la sortie du film.
La blague repose aussi sur le fait que la r√©forme portait sur 35h par semaine, alors qu'Itin√©ris exige 35h sur 2 jours.",FALSE
131,0:34:57,Itin√©ris a raison ! De ne pas se laisser faire. (se l'SFR),,"Panoramix, r√©f√©rence","Itineris est une ancienne marque de t√©l√©phonie mobile devenue Orange.
Jeu de mot entre SFR, une autre marque de t√©l√©phonie mobile et ""se laisser faire"".",TRUE
132,0:35:03,Itin√©ris tire la langue √† Num√©robis,,"Itin√©ris, visuel",,FALSE
133,0:36:04,"Allez Id√©fix, fais le beau.","Ob√©lix : Allez Id√©fix, fais le beau.
*Id√©fix se l√®ve sur ses pattes arri√®res.*
Ast√©rix, en parall√®le, soul√®ve un gros rocher. La foule s'exclame.
Ob√©lix, satisfait : Merci.","Ob√©lix, Id√©fix",,FALSE
134,0:36:25,Id√©fix est propuls√© en l'air quand la pierre tombe au sol,,"Id√©fix, visuel",,TRUE
135,0:37:35,Le trompettiste malmen√© r√©appara√Æt,,visuel,,FALSE
136,0:37:43,Pom-pom girls,,visuel,,FALSE
137,0:37:50,Ob√©lix se d√©guise en ouvrier pour go√ªter √† la potion magique,,Ob√©lix,,FALSE
138,0:37:58,"Ast√©rix, Num√©robis, Panoramix et Ob√©lix prennent la pose comme pour une couverture d'Album vinyle",,"Ast√©rix, Num√©robis, Panoramix, Ob√©lix",,FALSE
139,0:38:06,"Ouh√©charlis appara√Æt dans les ""jumelles"" d'Amonbofis",,"visuel, r√©f√©rence","R√©f√©rence aux fameuses BD ""O√π est Charlie ?"" o√π l'objectif est de retrouver Charlie dans une foule, habill√© toujours de la m√™me fa√ßon.
Jou√© par Louis Leterrier, r√©alisateur du Transporteur et deuxi√®me assistant r√©alisateur du film.",FALSE
140,0:38:07,"Amonbofis met ses mains en forme de jumelles, qui forme le filtre ""jumelle"" qu'on voyait auparavant",,visuel,,FALSE
141,0:38:36,"- O√Øs, c'est comme √ßa qu'il s'appelle.
- Mo√Øs ?
- Non, O√Øs, comme O√Øs la saucisse.",,"Num√©robis, historique","R√©f√©rence √† l'expression courante ""oh hisse""
Ob√©lix fait r√©f√©rence au proph√®te Mo√Øse qui conduit le peuple h√©breux hors d'√âgypte.",FALSE
142,0:38:42,ZZ Top s'invite sur le chantier.,,"visuel, r√©f√©rence",Trois barbus √©trangement ressemblant au groupe ZZ Top semble faire tourner trois pierres sur leurs parties intime.,FALSE
143,0:39:47,"Pas de pierres, pas de construction.
Pas de construction, pas de palais.
Pas de palais... pas de palais.",,Amonbofis,,FALSE
144,0:40:12,Sympa ta robe !,,Nexusis,,FALSE
145,0:40:42,La machine √† √©crire sur pierre,"Une dactylographe semble taper un texte prononc√© par C√©sar sur une tablette, on peut entendre le carillon du retour chariot.",,,FALSE
146,0:40:44,"J'ai venu, j'ai vu, j'ai vaincu. *Veni, vedi, vici*.",,"C√©sar, historique, latin","Faute grammaticale intentionnelle ""j'ai venu"" (je suis venu).",FALSE
147,0:40:46,*Caesar* ou C√©sar ?,"C√©sar : Vous gravez les formules d'usage et vous signez... (avec un accent anglais) *Caeser*.
La secr√©taire : *Caeser* ou C√©sar ?",,La secr√©taire donne l'impression que l'accent anglais puisse √™tre transmis sur la tablette.,FALSE
148,0:41:00,"Av√© C√©sar, respect et robustesse.",,"Caius C√©plus, r√©f√©rence","Parodie de Gladiator, o√π le salut donn√© est ""Force et honneur""",FALSE
149,0:41:19,Mafia sur la carte,,visuel,"On peut voir que la carte romaine de l'Europe nomme la Sicile ""Mafia"".",TRUE
150,0:41:24,"- Un village peupl√© d'irr√©ductible gaulois r√©siste...
- ...Encore et toujours √† l'envahisseur. Oui, je sais, j'ai d√©j√† entendu √ßa quelque part.",,"Caius C√©plus, C√©sar",R√©f√©rence au monologue d'introduction au d√©but de toutes les bandes dessin√©es d'Ast√©rix.,FALSE
151,0:41:38,"*Caius C√©plus tripote le nez du buste de C√©sar*
Ah tiens c'est superbe √ßa... Ils ont m√™me mis les ... √† l'int√©rieur.","""*Caius C√©plus tripote le nez du buste de C√©sar*
Ah tiens c'est superbe √ßa... Ils ont m√™me mis les ... √† l'int√©rieur.""
C√©sar : Non !
- Pardon
- Me touchez pas le ...",Caius C√©plus,,FALSE
152,0:41:50,Apparemment impossible n'est pas Gaulois.,,"Caius C√©plus, r√©f√©rence","R√©f√©rence √† la citation ""Impossible n'est pas Fran√ßais"" issue de Napol√©on I·µâ ≥",FALSE
153,0:41:56,"- Dont un druide qui se nomme THX.
- Panoramix ?
- Panoramix, oui c'est √ßa. Je savais que √ßa sonnait large.",,"Caius C√©plus, r√©f√©rence","Le son qui accompagne le logo THX en d√©but de film est connu pour √™tre particuli√®rement fort, d'o√π ""√ßa sonnait large"".",FALSE
154,0:42:00,"Et avec lui, un petit rus√© et un gros monstrueux.
A√Økix et Journaldu√Øx. Ou Malcomix ?",,"Caius C√©plus, r√©f√©rence","A√Økix = High kicks (coup de pied du haut).
Journaldu√Øx = Journal du X (revue pornographique inexistante, potentiellement une r√©f√©rence au ""Journal du Hard"" sur canal+).
Malcomix = Malcolm X (politicien am√©ricain, ic√¥ne de la d√©fense des droits de l'homme afro-am√©ricain).",FALSE
155,0:42:15,Le petit Gaulois a un nom de h√©ros du genre... Jomanix,,"Caius C√©plus, r√©f√©rence","Jo Manix est le nom de sc√®ne d'une dessinatrice fran√ßaise, notamment connue pour ""Le jour¬≠nal de Jo Manix"".
Ou bien une r√©f√©rence √† Joe Mannix de la s√©rie Mannix, par les cr√©ateurs de Colombo.
Si j'avais le sc√©nario original on pourrait diff√©rencier car l'orthographe n'est pas la m√™me.
Alain Chabat si tu lis √ßa envoie le par mail je t'en supplie !",FALSE
156,0:43:55,Djobi Djoba,,r√©f√©rence,"Le livreur de pierres corrompu et Num√©robis qui parlent en √©gyptien reprennent les paroles de ""Djobi Djoba"" des Gipsy Kings",TRUE
157,0:43:39,"- Il dit qu'il n'a pas pu apporter plus de pierres, les carri√®res sont √©puis√©s.
- Il dit qu'il aimerait bien √™tre pay√©.
- Je crois qu'il ment.
- Non non il est tr√®s clair, il aimerait bien √™tre pay√©.",,"Otis, Ast√©rix",Quiproquo sur le sujet de l'accusation d'Ast√©rix,FALSE
158,0:44:20,"Ketebec√© c'est s'ils sont au moins huit. Keteb ouvert, keteb g√©n√©reux.","- Comment dit-on ""parle"".
- Si c'est ""parle"" dans le sens ""je parle pas tr√®s bien √©gyptien"" c'est ""medou ene ere comete"".
- Alors que si c'est ""parle plus lentement"", l√† c'est ""medou ere keteb"".
- Non, ""ketebece"".
- ""Ketebece"" ?!.. ""Keteb""! ""Ketebece"", s'il sont au moins 8.
Non, ne dites pas ""ketebece"". Personne ne comprendra. C'est moi qui ai raison.
""Keteb"" ouvert, ""Keteb"" g√©n√©reux.
- Dites !
- ""Outch√©b√©""","Otis, Num√©robis","P√§raodie de d√©bat sur l'utilisation de la langue, tr√®s pratiqu√© dans la culture Fran√ßaise.",FALSE
159,0:44:50,Ob√©lix encha√Æne les baffes sans rel√¢che,,Ob√©lix,,FALSE
160,0:45:04,"Num√©robis traduit : ""A√Øe, A-A√Øe, A√Øe. Il dit A√Øe parce qu'il a mal. A√Øe, j'aim-j-aim-j'ai mal, j'aim-j'ai mal, p-pas la moustache, il dit pas la moustache"".",,Num√©robis,,FALSE
316,0:45:10,"- ""√©finih""
- Il a fini",,Ob√©lix,,FALSE
161,0:45:20,"- Otis va vous accompagner pour...
*Otis fait coucou de la main*
- Oui pour...",,"Num√©robis, Otis",Le silence exprime une g√™ne : √Ä quoi sert Otis ?,FALSE
162,0:45:28,"Tiens, ce sont des amulettes.","Tiens, ce sont des amulettes. Des porte-bonheurs qui vous prot√®geront du mauvais sort.",Num√©robis,"Num√©robis semble exhiber une bo√Æte d'allumettes, paronyme d'amulettes.",FALSE
163,0:45:35,Amst√©rixme,,"Num√©robis, ast√©rixme",,FALSE
164,0:46:22,"- Oh dis donc Ob√©lix qu'est-ce qu'il fait de bruit ton dromadaire !
- C'est pas mon dromadaire, c'est mon estomac.",,Ob√©lix,,FALSE
165,0:46:48,"Des touristes japonais visitent le Sphinx.
- Kore te watte. Kawaii desho ka.",,,"On peut traduire √ßa par :
""Regarde √ßa, n'est-ce pas mignon ?""
Par ailleurs, le vendeur de Sphinx est interpret√© par Momo Debbouze, le fr√®re de Jamel Debbouze qui joue Num√©robis.",TRUE
166,0:47:07,Panoramix se fait sculpter le portrait,,Panoramix,,FALSE
167,0:47:43,"- Ne me sculptez pas trop court.
- Non, non, non non. Alors comme √ßa vous √™tes Gaulois ?
- Oui
- Qu'est-ce que √ßa s'est r√©chauff√© ces derniers temps.
- Ah",,Panoramix,Allusion aux discussions vides de sens tels que l'on peut avoir chez le coiffeur.,FALSE
168,0:48:25,Descend de ce Se-phinx !,,Ast√©rix,"Virelangue ""Descend de ce Sphinx"" ",FALSE
169,0:48:49,"Ob√©lix casse le nez du Sphinx.
""Oups.""",,"Ob√©lix, historique",Le nez du Sphinx est connu pour √™tre manquant.,FALSE
170,0:49:24,"C'est un roc, c'est un cap. Que dis-je, c'est un cap. C'est une p√©ninsule.",,"Ob√©lix, r√©f√©rence","R√©f√©rence au monologue de Cyrano de Bergerac. G√©rard Depardieu, l'acteur d'Ob√©lix l'ayant interpr√©t√© quelques ann√©es plus t√¥t dans le film √©ponyme.",FALSE
171,0:50:29,"T'as pas vu un √©clair ?
[...]
Je t'avais dit que j'avais vu un √©clair, je suis pas fou.",,,"A cause de la vitesse du son bien plus faible que celle de la lumi√®re, la foudre arrive souvent bien avant le tonnerre.
Le flash caus√© par la potion d'Ast√©rix est donc vu comme la foudre, et le bruit du Sphinx qui tombe comme le tonnerre.",FALSE
172,0:50:40,"Voil√†, personne n'aura l'id√©e de venir faire des fouilles ici.",,"Ob√©lix, historique","L'√âgypte est le berceau d'innombrables fouilles arch√©ologiques.
Le nez du Sphinx n'a cependant pas √©t√© retrouv√©.",FALSE
173,0:50:57,Eh mon p√¢t√© !,,Nexusis,"L'enfant faisant le p√¢t√© est Max Chabat, fils du r√©alisateur Alain Chabat.",FALSE
174,0:51:20,"- Tu peux me comprendre, tu as √©t√© √† ma place jadis.
- Moi c'est Num√©robis",,"Itin√©ris, Num√©robis","""Jadis"", qui signifie ""Il y a longtemps"", sonne comme un nom propre.",FALSE
175,0:51:38,Itin√©ris ne capte pas,,"Itin√©ris, clich√©",Allusion aux art√©facts audio fr√©quents pour les utilisateurs de la compagnie de t√©l√©phonie mobile Itineris.,FALSE
176,0:51:52,J'ai la dalle.,"- √áa va Ob√© ?
- Bah j'ai la dalle",Ob√©lix,"Jeu de mot entre l'expression ""J'ai la dalle"" signifiant ""J'ai faim"" et de litt√©ralement porter une dalle de pierre.",TRUE
177,0:52:41,"- Attention les couloirs sont tr√®s √©troits, il faut pas √™tre trop gros.
- Personne n'est gros.",,"Nexusis, Ob√©lix",,FALSE
178,0:53:18,Indicateur lumineux de fermeture de la porte,,visuel,"Le son qui joue quand l'indicateur s'allume est celui de l'indicateur ""attachez vos ceintures"" dans les avions.",TRUE
179,0:53:26,Ce tombeau sera votre tombeau !,,Nexusis,,FALSE
180,0:53:53,"Les hi√©roglyphes sur les murs disent ""Si vous pouvez lire √ßa, vous √™tes arch√©ologue""",,"visuel, historique",,TRUE
181,0:54:07,"S'ils s'en sortent de celle l√†, je jure de plus jamais me raser la t√™te.",,Nexusis,"Dans une sc√®ne ult√©rieure, on peut observer que Nexusis ne se rase plus la t√™te !",TRUE
182,0:54:35,Les tresses d'Ob√©lix se h√©rissent lorsqu'il prend trois gouttes de potion magique.,,"Ob√©lix, visuel",,FALSE
183,0:55:12,Ob√© ? Pano ?  Oui ?   Pano ? Ob√© ? Non c'est Pano. Ast√©rix ? Oho. Oui je suis l√†. Oho. Ici. Ob√©lix ?,"Ast√©rix : Ob√© ?
Ob√© : Pano ?
Pano : Oui ?
Ob√© : Pano ?
Ast√©rix : Ob√© ?
Pano : Non c'est Pano.
Ob√©lix : Ast√©rix ? Oho.
Ast√©rix : Oui je suis l√†.
Pano : Oho.
Ob√©lix : Ici.
Panoramix : Ob√©lix ?
",,,FALSE
184,0:55:39,"- La situation est grave.
- Tr√®s grave, je commence √† avoir faim.",,Ob√©lix,,FALSE
185,0:56:20,"- M√¥sieur Ast√©rix sait mieux que tout le monde.
- Oui peut-√™tre
- Je signale √† M√¥sieur Ast√©rix qui voulait absolument visiter la pyramide que tout cela ne serait pas arriv√© dans un menhir.
- Ahhh l'argument √† deux sesterces !",,"Ob√©lix, Ast√©rix","Les sesterces √©taient un type de pi√®ce √† l'√©poque Gauloise.
R√©f√©rence √† l'expression ""l'argument √† deux balles"".",FALSE
186,0:56:30,"- Qu'est-ce qu'ils font, d√©j√† sable-et-demi. Les pierres sont charg√©es l√† il faut y aller !",,Otis,"Otis utilise son sablier comme une montre, ce qui ne para√Æt pas tr√®s pratique.",FALSE
187,0:56:45,"- Mea Culpa
- Mea Culpa moi, √ßa aurait tr√®s bien pu arriver dans un menhir...",,"Ast√©rix, Ob√©lix",,FALSE
188,0:57:12,"- Quelqu'un a de quoi rallumer la torche ?
- Non, non non.. Enfin, moi j'ai la bo√Æte d'amulettes de Num√©robis mais √ßa sert √† rien :(",,Ast√©rix,Une boite d'allumettes aurait pu √™tre utile.,FALSE
189,0:57:42,Benny Hill et balade dans le noir,Nos trois gaulois guid√©s par Id√©fix se baladent dans le noir de la pyramide dans un style dessin√© sur la musique de Benny Hill.,"visuel, r√©f√©rence",,FALSE
190,0:58:04,Des fois j'ai l'impression qu'il comprend tout ce que je lui dit.,,Ob√©lix,"Un peu plus t√¥t, Ob√©lix avait promis une farandole d'os √† Id√©fix s'ils les aidaient √† sortir de la pyramide.
La farandole d'os apparaissant √† l'√©cran, on peut imaginer qu'Id√©fix le comprend effectivement.",FALSE
191,0:58:32,Otis parle du Nil,"Otis : Mais, vous savez, le nil est un fleuve capricieux hein. De temps en temps tumultueux, de temps en temps paresseux.
Je sais pas si vous connaissez d'ailleurs ce tr√®s beau po√®me √©gyptien sur le Nil justement.
Ast√©rix : Noon.
Otis : Et qui fait : Nil, nil, nil...",Otis,Otis fait r√©f√©rence au po√®me d√©clam√© au d√©but du film.,FALSE
192,0:58:50,Otis se casse la gueule,,"Otis, visuel",,FALSE
193,0:59:07,"- Hip hip hip !
- hourra...
- Hip hip hipeuuuh !
- hOUrra...",,Barbe Rouge,,FALSE
194,0:59:18,Bruit de radar de la vision sous-marine d'Ob√©lix,,"Ob√©lix, audio",,TRUE
195,0:59:53,"- Hip hip hip ourra eh !
- Oh √ßa va hein !",,Barbe Rouge,,FALSE
196,1:00:02,"Num√©robis √©tait maintenant certain de respecter les d√©lais.
Ce qui √©tait tr√®s rare dans le b√¢timent, √† l'√©poque.",,"voix-off, clich√©",,FALSE
197,1:00:20,"De la fausse potion magique circule sur le chantier, m√™me consistence, m√™me couleur mais ce n'est pas de la potion magique, c'est de la soupe aux potirons !",,Ast√©rix,,FALSE
198,1:00:24,Trente minutes d'attente √† partir de ce point.,,"Ast√©rix, visuel",Cela semble √™tre de v√©ritables hi√©roglyphes mais pas s√ªr de la signification du panneau.,FALSE
199,1:00:35,"Parce que j'avais aussi pens√© √† ""Bande de chacals, vous allez tous crever comme des chacals. Mais √ßa faisait deux fois chacals. Donc...""
*Amonbofis attrape Nexusis*
Quoi ? On dit des chacaux ?",,Nexusis,"R√©f√©rence aux pluriels irr√©guliers des noms finissant en -al.
Liste connue car martel√©e en cours de fran√ßais au primaire au point de devenir un meme.",FALSE
200,1:01:08,"Oh je viens d'avoir une id√©e horrible. Non deux. M√™me - trois !
Oh lala, ohlala, olala j'ai plein d'id√©es oh je suis trop fort hihihihsishisisisi",,Amonbofis,,FALSE
201,1:02:52,Num√©robis se retrouve coinc√© sur un palmier,Quelqu'un peut m'aider √† descendre ?,Num√©robis,,FALSE
202,1:03:50,"- Je le finis avec deux mois de retard.
- D'accord si tu le termines avec quatre mois de retard.
- Trois. Je peux pas aller moins vite.
- D'accord va pour trois mais pas moins sinon tu paieras de ta poche des p√©nalit√©s d'avance.",,"Amonbofis, C√©sar",,FALSE
203,1:04:00,C√©sar et Amonbofis n'arrivent pas √† se serrer la main.,,"Amonbofis, C√©sar",La coutume est de se serrer la main lorsque l'on conclut un march√©.,FALSE
204,1:04:28,"Attention, c'est tr√®s tr√®s ti√®de.",,,Un bain peut √™tre trop chaud ou trop froid.,FALSE
205,1:04:57,"Oula, c'est ti√®de.",,,Sucettalanis agit comme si le bain √©tait trop chaud ou trop froid.,FALSE
206,1:05:08,"- Repas intime : Quarante danseurs, quatre-vingt musiciens et trois cents plats simples.
- Moi aussi √ßa me saoule quand il y a trop de monde.",,"Cl√©op√¢tre, Sucettalanis",,FALSE
207,1:05:25,"Mais c'est pas autoris√© vous vous rendez pas compte.
Je me suis renseign√© √ßa reste relativement du porc.",,Num√©robis,,FALSE
208,1:05:54,"Moi je vais rester ici pour raviver le feu, parce que des fois il se d√©ravive.
*Num√©robis souffle sur le feu*",,Num√©robis,,FALSE
209,1:06:00,Schbleh,,,Schbleh,TRUE
210,1:06:41,"- On est sur le chantier du matin au soir, √† travailler, √† avaler de la poussi√®re !
- Des lentilles !",,"Ast√©rix, Ob√©lix",,FALSE
211,1:06:52,"Vous pensez que si on avait un g√¢teau comme √ßa, on l'aurait mang√© nous ! Soyons logique.",,Ob√©lix,,FALSE
212,1:08:13,"- Coucou je t'aime !
- C'est formidable d'avoir l'air aussi b√™te...
- Coucou oh je t'aime.
- C'est fin.. c'est fin.",,"Ob√©lix, Ast√©rix",,FALSE
213,1:08:44,"- Ecartez vous derri√®re, on sort !
- Ouais c'est √ßa. Et puis si en revenant vous pourriez me ramener un paquet de- Aaaaah !",,Ob√©lix,,FALSE
214,1:09:07,"- J'en ai un peu assez de me voir de profil. Tu ne pourrais pas me faire une fois de face ? Comme ca ?
- Oh moi l'art contemporain...",,Cl√©op√¢tre,"Cam√©o de Claude Berri, le producteur du film.
Cl√©op√¢tre imite la joconde.",FALSE
215,1:09:13,"- Euh s'il vous pla√Æt ?
*Ob√©lix envoie voler un garde √©gyptien jusqu'au tr√¥ne*",,Ob√©lix,,FALSE
216,1:09:43,"- Ob√©lix ! Coupe trois parts de ce g√¢teau.
*Chop* *Chop*
- On a dit trois parts Ob√©lix.","- Ob√©lix ! Coupe trois parts de ce g√¢teau.
*Chop* *Chop*
- On a dit trois parts Ob√©lix.
- Une. Deux. Et trois ! *soul√®ve le g√¢teau*","Ast√©rix, Ob√©lix",,FALSE
217,1:10:24,Ti amo avec Gimmieukis,,Ast√©rix,,FALSE
218,1:10:39,"Cette nuit j'ai fait un r√™ve. Je gagnais un million de sesterces.
Et avec j'achetais une paire de chaussures. Trop grandes, puis moches en plus !",,Caius C√©plus,,FALSE
219,1:10:49,Phillipmorris ?,,"Caius C√©plus, r√©f√©rence",R√©f√©rence √† la marque de tabac.,FALSE
220,1:11:06,"- Cartapus ?
- Oui ?
*C√©sar bondit de peur*",,"Cartapus, C√©sar",,FALSE
221,1:11:22,"Quand je regarde comme √ßa on me voit.
Si je regarde comme √ßa on me voit plus.
On me voit, on me voit plus. On me voit, on me voit plus on me voit plus, on me voit.
On me voit plus. On me voit plus on me voit. On me voit on me voit plus. On me voit un peu on me voit plus.
On me voit.",,Cartapus,,FALSE
222,1:11:47,L√† elle √©tait pas en forme en plus.,,Caius C√©plus,,FALSE
223,1:12:06,Oh doucement ! Pas les habits ma m√®re elle va me tuer !,,Num√©robis,,FALSE
224,1:13:01,Voix-off... vraiment off ?,,visuel,"On peut voir √† gauche un cam√©o de Pierre Tchernia, la voix-off du film et de la majorit√© des Ast√©rix au cin√©ma.",TRUE
225,1:13:03,"- Je suis maintenant une surfemme.
- Menubestofplus, met une claque √† cette pr√©somptueuse.",,"C√©sar, r√©f√©rence",R√©f√©rence au menu best-of de McDonalds.,FALSE
226,1:13:21,Cartapus explose Menubestofplus,,"Cartapus, visuel",,FALSE
227,1:13:37,Le sort en est jet√©. Alea jacta est.,,"C√©sar, latin","Formule latine commune attribu√©e √† Jules C√©sar quand il franchit le Rubicon et d√©clenche la guerre civile.
Elle signifie qu'on laisse ses chances au hasard.",FALSE
228,1:13:40,"C√©sar tr√©buche et se prend des objets.
- Laissez moi !",,C√©sar,,FALSE
229,1:13:53,"Aussi j'ordonne √† Ess√©fix, Inzemix et Avoranfix de se rendre !",,"Caius C√©plus, r√©f√©rence","Ess√©fix = Essai fixe.
Inzemix = In the mix. (Dans le mix)
Avoranfix = √Ä vos rangs fixe. Personnage de la serpe d'or.",FALSE
230,1:14:12,"- On peut discuter peut-√™tre !?
- Nous vous massacrerons jusqu'au dernier.",,"Num√©robis, Caius C√©plus",,FALSE
231,1:14:25,"- Jeanclaudus, pr√©parez nos troupes √† l'attaque, et pas de quartiers.
- Antivirus, je m'appelle Antivirus en fait.
- Hhhhhaahh",,"Caius C√©plus, Antivirus, r√©f√©rence",Jean Claude Dusse est un personnage de la saga Les Bronz√©s.,FALSE
232,1:14:39,Un ! Deux ! Trois ! Quatre ! Six ! Euh.. Cinq !,,l√©gionnaire,,TRUE
233,1:15:11,Tenez ! Allez me le garer √† l'ombre.,,Caius C√©plus,,FALSE
234,1:15:24,"Un l√©gionnaire se prend un bouclier dans le bras et dit ""Aie""",,l√©gionnaire,,TRUE
235,1:15:57,"- C'est pas tr√®s bien dessin√©.
- Oui mais l√† c'est parce que je le fais vite.
- En m√™me temps moi je l'aurais fait un petit peu plus de profil.",,"Amonbofis, Caius C√©plus, Nexusis",,FALSE
236,1:16:15,Ob√©lix d√©gage la mouche de sa joue,,"Ob√©lix, r√©f√©rence","R√©f√©rence √† la sc√®ne d'ouverture de ""Il √©tait une fois dans l'Ouest""",FALSE
237,1:16:28,Documentaire sur la langouste,"voix-off : Devant la violence de cette sc√®ne, nous pr√©f√©rons vous montrer ce document consacr√© √† la langouste.
voix-off 2 : Contrairement √† une id√©e largement r√©pandue. La langouste se nourrit exclusivement de fruits de mer.
Ce qui ne l'emp√™che pas - de rester tr√®s humaine.",voix-off,Cam√©o de Jean-Pierre Bacri qui fait la voix-off du documentaire.,FALSE
238,1:16:56,Un l√©gionnaire court comme un chien sur la musique de la pub Royal Canin.,,"Id√©fix, l√©gionnaire, r√©f√©rence",Cyril Casm√®ze qui joue le l√©gionnaire est un com√©dien zoomorphe. Il fait et se vit animal depuis l'enfance.,FALSE
239,1:17:17,"Monsieur s'il vous pla√Æt. On passe pas comme √ßa comme √ßa √† toute vitesse devant les gens.
On est pas en romanie ici !",,Num√©robis,,FALSE
240,1:17:50,"Maintenant qu'est-ce qu'on fait ? Euh je demande, hein. En amateur.",,Amonbofis,"Amonbofis se paye la t√™te de Caius C√©plus, qui l'a trait√© d'amateur avant de subir un √©chec cuisant.",FALSE
241,1:18:08,"- Je suis tr√®s d√©√ßu par votre attitude centurion Affairedrefus.
- Moi c'est Antivirus.",,"Caius C√©plus, r√©f√©rence","Affairedrefus = Affaire Dreyfus.
Caius C√©plus reprend la sc√®ne de Star Wars IV : Un Nouvel Espoir o√π Dark Vador √©trangle un g√©n√©ral.",FALSE
242,1:18:20,Quand on l'attaque. L'empire contre-attaque !,,"Caius C√©plus, r√©f√©rence","R√©f√©rence √† Star Wars V : L'Empire contre-attaque.
Sc√®ne jou√©e sur la musique ""La Marche Imp√©riale"" de John Williams, le th√®me de Dark Vador. Mission Cl√©op√¢tre est le premier film ayant eu le droit de l'utiliser.",FALSE
243,1:18:27,"Aie il m'a fait super mal √† la gorge.
*Bruit strident metallique*",,Antivirus,,FALSE
244,1:18:45,C'est trop calme. J'aime pas trop beaucoup √ßa. J'pr√©f√®re quand c'est un peu trop plus moins calme.,,Num√©robis,,FALSE
245,1:19:25,"- C'est joli le paysage.
- C'est central quoi.",,l√©gionnaire,,FALSE
246,1:19:32,Quand je baisse le bras...,"- Quand je baisse le bras...
*La catapulte tire*
- ... T'envoies.",l√©gionnaire,,FALSE
247,1:20:20,"- Je me demande si c'est vraiment n√©cessaire toute cette violence
- Non √ßa va",,l√©gionnaire,,FALSE
248,1:20:56,"- Si
- Non
- Si
- Non",,"Amonbofis, Caius C√©plus",,FALSE
249,1:21:25,*Les boulets sont parfaitement empil√©s dans les bols de pierre.*,,visuel,,FALSE
250,1:21:28,Eh les romains ! Vous √™tes des romaines !,,Num√©robis,,FALSE
251,1:21:37,Toujours l√† ! Gnagnagnagnagna,"*Num√©robis envoie des petits cailloux*
*Un boulet manque de l'√©craser*
- Toujours l√† ! Gnagnagnagnagna",Num√©robis,,FALSE
252,1:22:39,"Aaah ! Aaargh ! Je crois que j'ai √©t√© touch√© !
...Ah non c'est rien.",,Num√©robis,"Jamel Debbouze, l'acteur qui joue Num√©robis, a perdu l'usage de son bras droit dans un accident de train quand il √©tait jeune.",FALSE
253,1:22:54,C'est un fameux un m√¢t. Fin comme un oiseau ! Hissez haut !,,"Barbe Rouge, r√©f√©rence","R√©f√©rence √† la chanson de marin ""Santiano"" adapt√© de l'anglais par Jacques Plante et popularis√© par la chanson d'Hugues Aufray.",FALSE
254,1:23:10,"- Si.
- Non.
- Ssssssssssssssss...
- Hhhhaahhhhhhhhh...",,"Amonbofis, Caius C√©plus",,FALSE
255,1:23:21,Ob√©lix transforme un essai,,Ob√©lix,"R√©f√©rence au Rugby o√π, apr√®s avoir marqu√© un essai, l'objectif est de faire passer le ballon entre deux poteaux au dessus de la transversale.",FALSE
256,1:23:35,La m√©duse pirate,,r√©f√©rence,"Reproduction du tableau ""Le Radeau de La M√©duse"" par Th√©odore G√©ricault",TRUE
257,1:23:39,Je suis m√©dus√©,,Barbe Rouge,"Jeu de mot par rapport au tableau ""Le Radeau de La M√©duse"" reproduit sur la sc√®ne d'avant.",TRUE
258,1:24:04,"Cours, Ast√©rixme ! Cours !",,"Num√©robis, ast√©rixme, r√©f√©rence","R√©f√©rence √† Forrest Gump o√π Jenny crie √† Forrest qui se fait pourchasser ""Cours, Forrest ! Cours !"" ",FALSE
259,1:24:39,"Couloirdebus, Francorus, rattrapez-le !",,"Caius C√©plus, r√©f√©rence","Couloirdebus = Couloir de bus
Francorus = FrancOrusse, une marque de desserts populaire √† la fin du XXe si√®cle",FALSE
260,1:25:25,Course poursuite,,audio,"Ast√©rix - qui court - vrombit comme une voiture.
Le bruit du d√©rapage de char s'apparente √† un crissement de pneus.",FALSE
261,1:25:43,Pr√©pare ton sarcophage.,,Amonbofis,"R√©f√©rence √† l'expression ""Pr√©pare ton cercueil""",FALSE
262,1:25:55,Combat dans le style Op√©ration Dragon,,r√©f√©rence,"La sc√®ne de combat entre Amonbofis et Num√©robis suit les codes d'Op√©ration Dragon, le film de Kung-Fu mettant en vedette Bruce Lee.",TRUE
315,1:26:10,*Num√©robis craque ses yeux*,,Num√©robis,,FALSE
263,1:26:17,La violence du moine n'a jamais fait l'habit du moine.,,Num√©robis,"M√©lange des deux proverbes ""l'habit ne fait pas le moine"" et ""la violence ne r√©sout rien"".",FALSE
264,1:26:21,"Arr√™te tes salamalecs, pitoune !",,Amonbofis,"Salamalec  = Saluts, politesses exag√©r√©es.
Pitoune = Personne avenante.",FALSE
265,1:26:33,Coup de pied arri√®re,,Num√©robis,Une des nombreuses r√©f√©rence √† Op√©ration Dragon.,FALSE
266,1:26:48,Partie de pierre-feuille-ciseaux.,"- La feuille enveloppe la pierre ?
- T'es s√ªr ?
- S√ªr.
- D'accord.","Num√©robis, Amonbofis",,FALSE
267,1:27:07,Amonbofis et Num√©robis dialoguent en chinois.,"(En cantonais) Amonbofis : ""Je vais te montrer que le kung fu romain est le plus puissant""
(En mandarin) Num√©robis : ""Je comprend rien √† ce que tu dis, je ne parle que le mandarin""
(En cantonais) Amonbofis : ""Allons-y""","Num√©robis, Amonbofis",,TRUE
268,1:27:24,Je suis Amonbofis et j'ai bouyave Num√©robis,,Amonbofis,,FALSE
269,1:28:02,"√áa va, √ßa va, imhotep.","- Et la famille √ßa va ?
- √áa va, √ßa va, imhotep.
- Et toi √ßa va ?
- √áa va, imhotep. Et ta soeur, comment elle va ta soeur ?
- √áa va, √ßa va, imhotep.
- Et ton cousin, qu'est-ce qu'il devient ton cousin ?
- √áa va, imhotep.
- Et les affaires, √ßa marche les affaires ?
- Imhotep.",,,FALSE
270,1:28:30,"C'est fr√©quent√© par ici, hein.",,,"Au milieu du d√©sert, 2 chars d'affil√©s fait foule.",FALSE
271,1:28:40,Tiens c'est pratique √ßa.,,Ast√©rix,"En hi√©roglyphes, il serait √©crit ""Les objets dans le miroir sont plus proches qu'il n'y paraisse"". R√©f√©rence au miroir o√π appara√Æt le T-Rex dans Jurassic Park !",TRUE
272,1:28:45,"√áa va, je suis √† fond, c'est un deux-chevaux ! Je peux pas aller plus vite !",,"l√©gionnaire, r√©f√©rence","R√©f√©rence √† la ""Citro√´n 2 CV"", voiture iconique.
Aussi un jeu de mot rapport aux chevaux-vapeurs et les deux chevaux tirant le char.",TRUE
273,1:28:55,"Ya ! Ya ! Ya !
Mais pourquoi on dit tout le temps ""Ya-Ya-Ya !"" ?",,l√©gionnaire,,FALSE
274,1:29:24,"- Et tu vas faire comment pour te relever maintenant ?
- Comme √ßa.",,"Num√©robis, Amonbofis",,FALSE
275,1:29:32,Le lion ne s'associe pas avec le cafard.,"- Le lion ne s'associe pas avec le cafard.
- Quoi ?
- Le.. b-b-bon un lion. Ne s'associe pas ! Avec le cafard.
- Non parce que moi. Moi j'avais compris. Agnon et n'a jamais euh pat e placard.
Je me disais c'est n'importe quoi quand m√™me.
- Non c'est pas √ßa.","Amonbofis, Num√©robis",,FALSE
276,1:29:52,Envolationnn !!,,"Num√©robis, visuel, r√©f√©rence",R√©f√©rence visuelle aux combats dans Dragon Ball Z.,FALSE
277,1:30:14,Num√©robis vole sur place,,"Num√©robis, visuel, r√©f√©rence","R√©f√©rence au dessin anim√© ""Bip Bip et Coyote"" o√π Coyote se retrouve souvent dans la m√™me situation.
Les effets sont tir√©s du dessin anim√© sont d'ailleurs jou√©s pendant la sc√®ne.",FALSE
278,1:30:39,Amonbofis laisse des traces de son passage dans les murs,,"Amonbofis, visuel",,FALSE
279,1:30:44,Et c'est qui le lion maintenant.,,Num√©robis,"Cam√©o auditif du com√©dien Thierry Desroses, connu pour doubler Samuel L. Jackson.",FALSE
280,1:30:47,"Viens me le dire de profil, si t'es un homme !",,"Amonbofis, visuel",,FALSE
281,1:31:05,En allez vous ! En allez vous !,,l√©gionnaire,"On dit g√©n√©ralement ""Allez vous-en !""",TRUE
282,1:31:36,Les l√©gionnaires font marche arri√®re,,"l√©gionnaire, audio",Un bruit faisant penser √† une marche arri√®re peut √™tre entendu,TRUE
283,1:31:48,"Vous savez, moi, Cl√©op√¢tre, je suis dans ses petits papyrus.",,Malococsis,"R√©f√©rence √† l'expression ""√ätre dans les petits papiers"".",FALSE
284,1:32:35,Quiproquo de Malococsis,"- Le chantier devrait √™tre termin√© depuis facile, quatre mois !
- QUOI ?! √áa se passera pas comme √ßa.
- Ah merci ma reine de prendre mon probl√®me avec tant d'attention.",,,FALSE
285,1:33:38,"- Eh bien √ßa a l'air de bien se d√©truire tout √ßa.
- Oh ben gentiment √ßa va se mettre en place, tranquiloum.",,"C√©sar, Caius C√©plus",,FALSE
286,1:33:41,"√áa, il faut rendre √† vous-m√™me ce qui appartient √† vous-m√™me.",,"Caius C√©plus, r√©f√©rence","R√©f√©rence √† l'expression ""Il faut rendre √† C√©sar ce qui appartient √† C√©sar""",FALSE
287,1:33:55,Ast√©rix joue au bowling,,"Ast√©rix, audio",Un effet sonore de bowling est jou√© quand Ast√©rix explose √©clate les l√©gionnaires.,FALSE
288,1:33:57,Quand je baisse le bras... *un l√©gionnaire est catapult√©*,"- Quand je baisse le bras...
*La catapulte tire, avec un l√©gionnaire sur le boulet*
- Ben alors, ben eh...
- Ben je sais pas... Un reflex...",l√©gionnaire,,FALSE
289,1:34:42,"Ce qu'il s'est pass√© c'est que tu as go√ªt√© √† la meilleur des potions magiques.
Coucouuuu.",,Panoramix,,FALSE
290,1:35:14,"Je suis sorti du palais en courant, sans prendre le temps de me changer.",,Cl√©op√¢tre,,FALSE
291,1:36:09,On l√®ve le si√®ge et on r√©pare tes d√©g√¢ts imb√©cile !,,C√©sar,"Une minute plus t√¥t, C√©sar se f√©licite d'avoir eu une si bonne id√©e.",FALSE
292,1:36:18,Il faudrait quand m√™me pas que Cl√©op√¢tre m'ait dans le nez... Qu'elle a joli d'ailleurs.,,C√©sar,,FALSE
293,1:36:41,"C'est incroyable de penser que chacun de ces romains va laisser dans le sable une sorte de tra-
*Num√©robis met Otis K.O.*","- C'est incroyable de penser que chacun de ces romains va laisser dans le sable une sorte de tra-
*Num√©robis met Otis K.O.*
- Nan mais excuse moi mais l√† c'est parti tout seul.
- Non non √ßa va","Otis, Num√©robis",,FALSE
294,1:37:46,"- Je me dis que √ßa peut tra√Æner un peu tu vois.
- Ouais, pas trop quand m√™me. Que √ßa ne devienne pas une habitude dans le b√¢timent.",,"Num√©robis, Panoramix, clich√©",,FALSE
295,1:38:00,Domus Quietus Domus,,visuel,"Inscrit sur la fa√ßade du palais Domus Quietus Domus serait un √©quivalent latin de ""Home, Sweet Home"" (Foyer, doux foyer), la locution traditionnelle anglaise √©voquant la douceur du foyer domestique.",TRUE
296,1:38:30,"- Qu'on le couvre d'or.
- Ouais c'est √ßa qu'on avait pr√©vu √† la base. Qu'on me couvre d'or !",,Num√©robis,,FALSE
297,1:39:08,Le sans-efforceur,"- C'est l'invention de mon ami Otis, √ßa s'appelle le sans-efforceur.
- Oui parce que c'est un nom qu'on a trouv√© car on s'est aper√ßu que c'√©tait une machine qui permettait de monter et descendre les gens sans effort.
- Parle pour toi !
- Ou, la ! √áa fait des petits guilis au ventre, quand √ßa s'arr√™te.","Otis, Num√©robis, Barbe Rouge, C√©sar, r√©f√©rence","Otis, le nom du personnage qui invente le sans-efforceur, est aussi une grande marque d'ascenseurs !
On peut entendre une musique d'ascenseur en fond.",FALSE
298,1:40:09,Qu'est-ce qu'ils font √† ton avis Cl√©op√¢tre et C√©same ?,"- Qu'est-ce qu'ils font √† ton avis Cl√©op√¢tre et C√©same ?
- √áa doit pas √™tre bien m√©chant","Num√©robis, ast√©rixme",,FALSE
299,1:41:05,"- C'est bon ces grosses crevettes, l√†.
- Homard.
- Ob√©lix.",,Ob√©lix,Ob√©lix pense que l'√©gyptien d√©clare son nom.,FALSE
300,1:41:16,"Et l√† le mec lui dit, c'est le ""Phare √† On"".
Parce qu'il s'appelle ""On"" le mec !","Et l√† le mec lui dit, c'est le ""Phare √† On"".
Parce qu'il s'appelle ""On"" le mec !
Le mec s'appelle ""On"". Il lui dit c'√©tait c'√©tait le et comme il avait un phare.
Il lui dit c'est le f- c'est le f- c'est le c'est le phare √† On. St-s-s-st Ha. ha...
Le mec s'appelle ""On"". Il lui, Il lui dit, il lui dit c'est, il lui dit c'est son phare. Ben c'est le c'est le phare √† On !
Comme comme le phare √† on qu'est qu'est euh euh le chef d√®s le chef le chef de nous !",Num√©robis,,FALSE
301,1:42:09,"- Comme tes tresses, qui soit-dit en passant sont bien plus belles que celles d'Ob√©lix.
- Merci, tu sais trouver les mots pour parler aux femmes.
- Oh c'est une tradition chez nous. C'est la Gaule.",,"Ast√©rix, Guimieukis","""Avoir la gaule"" est une expression signifiant avoir une √©rection.",FALSE
302,1:42:49,Et Gilles qui n'a pas pu venir,,visuel,,TRUE
303,1:43:03,"Bonsoir, est-ce que vous pouvez me donner votre nom s'il vous pla√Æt ?",,,Cam√©o de Matthieu Kassovitz qui joue le physionomiste et ne reconna√Æt pas C√©sar.,FALSE
304,1:43:35,"Non, j'ai un C√©taparis, un C√©nesaindenis..",,r√©f√©rence,"C√©taparis = C'est √† Paris.
C√©nesaindenis = Seine-Saint-Denis, le d√©partement.",FALSE
305,1:44:00,"Monsieur, √©coutez l√†, je travail.","Monsieur, √©coutez l√†, je travail.
*Laisse passer divers convives sans v√©rifier leur nom*",,,FALSE
306,1:44:16,"*(chuchotant)* Connard de merde, la prochaine fois je te grille.","- Vous √™tes √† la table de la reine.
- Bah oui.
- *(chuchotant)* Connard de merde, la prochaine fois je te grille.",,,FALSE
307,1:44:41,Musique de fin organis√©e par Snoop Dogg.,,,"Snoop Dogg accepte de produire la musique du g√©n√©rique sous l'incitation de ses enfants, fans d'Ast√©rix. Il interpr√®te donc aux c√¥t√©s de Jamel la chanson Mission Cleopatra.
¬´ Jamel est parti enregistrer pendant dix jours √† Los Angeles. Le courant est tr√®s bien pass√© entre eux. Snoop aurait m√™me d√©clar√© √† propos de Jamel : ¬´ he‚Äôs my brother ! ¬ª. J‚Äôavais donn√© des directives concernant les paroles : la chanson devait parler d‚Äôamour et de paix. ¬ª
- Alain Chabat",TRUE
308,1:45:12,"Au fait ma reine, on dit ""√Ä Alexandrie"" ou ""En Alexandrie"" ?",,Panoramix,"R√©f√©rence au d√©bat ""en Avignon ou √† Avignon"".
R√©f√©rence √† la voix-off au d√©but du film qui parle de la m√™me question.",TRUE
309,1:45:10,"Dans le Sud de la Gaule, il y a une ville ""Avigneau"" qui a un tr√®s joli pont d'ailleurs le Pont d'Avigneau.",,Panoramix,R√©f√©rence au Pont d'Avignon,FALSE
310,1:45:25,"- Vous √™tes une courtisane ?
- Oui, enfin je fais d'autres trucs avant. Je peux m√™me parler sans bouger les l√®vres.",,"Caius C√©plus, Sucettalanis",,FALSE
311,1:45:50,Otis fait le magicien,"Chaque partie de ton visage rec√®le une beaut√© cach√©.
De ton oreille surgit une rose.
Dans ton nez un sphinx.",Otis,,FALSE
312,1:46:12,"Le mec. Il lui dit: ""C'est le phare √† on"". On c'est son, On c'est son pr√©nom.
Et c'est c- Et c'est son phare. Donc c'est √ßa, √ßa lui a, c'est son appartenance. C'est son appartenance, le phare.
C'est le phare √† On, comme il s'appelle On.",,Num√©robis,,FALSE
313,1:47:39,Remerciements de fin,"Et moi, je dis :
Merci √† mes parents et ma famille.
Merci et Respect √† Ren√© Goscinny et Albert Uderzo, les cr√©ateurs.
Merci √† Anne Goscinny pour son support et ses encouragements.
Merci √† Albert Uderzo pour avoir accept√© de mal dessiner expr√®s Ast√©rix, Ob√©lix et Id√©fix sur le parchemin de Barbe Rouge. Merci √† toute l'√©quipe pr√©pa, tournage et post-prod sans qui bien √©videmment... Merci √† At, Guillotel, Tanino, Christophe et John Nollet pour le talent et la classe. Merci √† Jean-Pierre Bacri pour les vannes bonus et la voix langouste. Merci √† Luc Besson qui est venu filmer le jour du chantier, pour le fun. Merci √† Mich√®le "" Darmoune"" Darmon sans qui je n'aurais pas pu remercier les cinq personnes suivantes :
Thanks to George Lucas, Rick MacCallum, Lynn Hale, Christopher Holm and John Williams to let me "" Vadorize "" Caius Dieudo.
Merci √† Claude B, Nathalie R, Richard P, Pierre G, Patrick B, Roberto K, Mon Lolo D, Lucie Pankova, M'sieur Gluck, Nes""""the Man"", Larbi, Loulou ""oui c'est moi"", Anne W, Pierre, Olive, Sophie, Yaya, Pita, Rita et tous les animaux de la for√™t, Ago (en clair le matin...), Vincent Bersoull√© (sans toi, pas d'Ob√©lix qui grimpe et qui nage),
Chanchan et Dom (on a fait les Nuls ensemble), Stan, B√©a et Cyril (quel zen, quelle patience!), Phil Chan', Stef, Thomas, Anne, Thierry, Ga√´l et toute la Duboi team, Kader et sa voix de braise, Melja, G√©g√©, Nini et Luc, Aruna, Piano, Joey et Spank pour la vitesse de r√©action (trop fort), Seb F, Axelle, ma Choune (qui fait fi), mon Besnehard que j'aime, Bruno et Pierre √† qui on pense, Snoop Dogg, George, Mandoche, Missiund, Fatimouze, Agathe, Julien et tout le Chez Wam Crew, Thierry Quellier, Manu Montamat, ""Les Versaillais"" (la classe), Mia et Michel, Pierre Tchernia, Gaston, Les Lebon's Bros & les gars/filles du son, Doofn, Lucie, Louise et Max,
tous les enfants du tournage, tous les enfants en g√©n√©ral d'ailleurs, Tatine et tous les Fran√ßais, Marocains, Maltais, Italiens, Anglais, Su√©dois, Am√©ricains, Oranais, Vietnamiens, M√©t√®ques, Vikings et Martiens
qui ont particip√© au film d'une mani√®re ou d'une autre. Peace.
Et merci aux gens qui lisent les g√©n√©riques jusqu'au bout (mais il faut rentrer maintenant, vous n'avez pas un chez vous ?) Imhotep.",,"Alain Chabat, le r√©alisateur du film, a des remerciements.",TRUE
314,1:47:56,Au secours !,,Amonbofis,,
